insert into usuarios (id, fecha_creacion, fecha_actualizacion, nombre, username, password_hash, rol, activo) values
('00000000-0000-0000-0000-000000000001', now(), now(), 'Administrador General', 'admin', '{noop}admin123', 'ADMIN', true),
('00000000-0000-0000-0000-000000000002', now(), now(), 'Mesero Principal', 'mesero', '{noop}mesero123', 'MESERO', true);

insert into mesas (id, fecha_creacion, fecha_actualizacion, numero, codigo_qr, estado) values
('00000000-0000-0000-0000-000000000201', now(), now(), 1, 'mesa-1-seed', 'LIBRE'),
('00000000-0000-0000-0000-000000000202', now(), now(), 2, 'mesa-2-seed', 'LIBRE'),
('00000000-0000-0000-0000-000000000203', now(), now(), 3, 'mesa-3-seed', 'LIBRE'),
('00000000-0000-0000-0000-000000000204', now(), now(), 4, 'mesa-4-seed', 'LIBRE'),
('00000000-0000-0000-0000-000000000205', now(), now(), 5, 'mesa-5-seed', 'LIBRE');

insert into proveedores (id, fecha_creacion, fecha_actualizacion, nombre, nit, telefono, email, direccion, activo) values
('00000000-0000-0000-0000-000000000101', now(), now(), 'Distribuidora Andina', '9001001', '70010001', 'andina@proveedores.bo', 'Av. Central 123', true),
('00000000-0000-0000-0000-000000000102', now(), now(), 'Abastos del Sur', '9001002', '70010002', 'sur@proveedores.bo', 'Calle Mercado 456', true);

insert into inventario_items (
    id, fecha_creacion, fecha_actualizacion, nombre, descripcion, unidad_medida, stock_actual, stock_minimo, stock_maximo,
    punto_reorden, costo_unitario, proveedor_preferido_id, tiempo_entrega_proveedor_dias, activo, clasificacion_abc, fecha_ultima_compra
) values
('00000000-0000-0000-0000-000000000401', now(), now(), 'Pan hamburguesa', 'Pan brioche para hamburguesa', 'UNIDAD', 80, 20, 120, 30, 0.60, '00000000-0000-0000-0000-000000000101', 2, true, 'ALTA', current_date - 2),
('00000000-0000-0000-0000-000000000402', now(), now(), 'Carne hamburguesa', 'Carne de res porcionada', 'UNIDAD', 60, 15, 90, 25, 2.10, '00000000-0000-0000-0000-000000000101', 3, true, 'ALTA', current_date - 1),
('00000000-0000-0000-0000-000000000403', now(), now(), 'Lechuga fresca', 'Lechuga para ensaladas y hamburguesas', 'GRAMO', 3000, 600, 5000, 900, 0.01, '00000000-0000-0000-0000-000000000102', 1, true, 'MEDIA', current_date - 1),
('00000000-0000-0000-0000-000000000404', now(), now(), 'Queso laminado', 'Queso cheddar laminado', 'UNIDAD', 90, 20, 140, 30, 0.45, '00000000-0000-0000-0000-000000000101', 2, true, 'ALTA', current_date - 3),
('00000000-0000-0000-0000-000000000405', now(), now(), 'Papas congeladas', 'Papas para freir', 'KG', 35, 8, 60, 12, 1.90, '00000000-0000-0000-0000-000000000102', 2, true, 'ALTA', current_date - 2),
('00000000-0000-0000-0000-000000000406', now(), now(), 'Aceite vegetal', 'Aceite para freidora', 'LITRO', 25, 5, 40, 8, 2.80, '00000000-0000-0000-0000-000000000102', 2, true, 'MEDIA', current_date - 5),
('00000000-0000-0000-0000-000000000407', now(), now(), 'Pollo marinado', 'Pollo marinado para plancha', 'UNIDAD', 50, 10, 80, 18, 2.40, '00000000-0000-0000-0000-000000000101', 2, true, 'ALTA', current_date - 2),
('00000000-0000-0000-0000-000000000408', now(), now(), 'Tortilla de trigo', 'Tortilla para tacos y wraps', 'UNIDAD', 100, 25, 160, 35, 0.35, '00000000-0000-0000-0000-000000000102', 2, true, 'MEDIA', current_date - 2),
('00000000-0000-0000-0000-000000000409', now(), now(), 'Tomate', 'Tomate fresco', 'GRAMO', 2400, 500, 4000, 800, 0.01, '00000000-0000-0000-0000-000000000102', 1, true, 'MEDIA', current_date - 1),
('00000000-0000-0000-0000-000000000410', now(), now(), 'Jarabe gaseosa', 'Base para refresco regular', 'LITRO', 18, 4, 30, 6, 3.10, '00000000-0000-0000-0000-000000000101', 4, true, 'BAJA', current_date - 6);

insert into categorias_producto (id, fecha_creacion, fecha_actualizacion, nombre, descripcion, activo) values
('00000000-0000-0000-0000-000000000301', now(), now(), 'Hamburguesas', 'Linea principal de hamburguesas', true),
('00000000-0000-0000-0000-000000000302', now(), now(), 'Acompanamientos', 'Papas, ensaladas y extras', true),
('00000000-0000-0000-0000-000000000303', now(), now(), 'Tacos y wraps', 'Preparaciones rapidas de tortilla', true),
('00000000-0000-0000-0000-000000000304', now(), now(), 'Bebidas', 'Bebidas frias del restaurante', true);

insert into productos (id, fecha_creacion, fecha_actualizacion, nombre, descripcion, precio, categoria_id, activo, disponible, imagen_url) values
('00000000-0000-0000-0000-000000000501', now(), now(), 'Hamburguesa simple', 'Hamburguesa clasica con vegetales frescos', 18.00, '00000000-0000-0000-0000-000000000301', true, true, null),
('00000000-0000-0000-0000-000000000502', now(), now(), 'Hamburguesa con queso', 'Hamburguesa clasica con cheddar', 20.00, '00000000-0000-0000-0000-000000000301', true, true, null),
('00000000-0000-0000-0000-000000000503', now(), now(), 'Papas fritas', 'Papas crocantes de la casa', 9.00, '00000000-0000-0000-0000-000000000302', true, true, null),
('00000000-0000-0000-0000-000000000504', now(), now(), 'Pollo crispy', 'Pollo dorado con toque casero', 19.00, '00000000-0000-0000-0000-000000000302', true, true, null),
('00000000-0000-0000-0000-000000000505', now(), now(), 'Taco de pollo', 'Taco de pollo con vegetales', 16.00, '00000000-0000-0000-0000-000000000303', true, true, null),
('00000000-0000-0000-0000-000000000506', now(), now(), 'Taco de carne', 'Taco de carne jugosa', 17.00, '00000000-0000-0000-0000-000000000303', true, true, null),
('00000000-0000-0000-0000-000000000507', now(), now(), 'Ensalada fresca', 'Ensalada con hojas verdes y tomate', 12.00, '00000000-0000-0000-0000-000000000302', true, true, null),
('00000000-0000-0000-0000-000000000508', now(), now(), 'Combo burger', 'Hamburguesa con queso y papas', 28.00, '00000000-0000-0000-0000-000000000301', true, true, null),
('00000000-0000-0000-0000-000000000509', now(), now(), 'Refresco regular', 'Bebida fria individual', 6.00, '00000000-0000-0000-0000-000000000304', true, true, null),
('00000000-0000-0000-0000-000000000510', now(), now(), 'Hamburguesa doble', 'Hamburguesa con doble porcion de carne', 24.00, '00000000-0000-0000-0000-000000000301', true, true, null);

insert into recetas_producto (id, fecha_creacion, fecha_actualizacion, producto_id, item_inventario_id, cantidad_necesaria) values
('00000000-0000-0000-0000-000000000601', now(), now(), '00000000-0000-0000-0000-000000000501', '00000000-0000-0000-0000-000000000401', 1),
('00000000-0000-0000-0000-000000000602', now(), now(), '00000000-0000-0000-0000-000000000501', '00000000-0000-0000-0000-000000000402', 1),
('00000000-0000-0000-0000-000000000603', now(), now(), '00000000-0000-0000-0000-000000000501', '00000000-0000-0000-0000-000000000403', 20),
('00000000-0000-0000-0000-000000000604', now(), now(), '00000000-0000-0000-0000-000000000501', '00000000-0000-0000-0000-000000000409', 15),
('00000000-0000-0000-0000-000000000605', now(), now(), '00000000-0000-0000-0000-000000000502', '00000000-0000-0000-0000-000000000401', 1),
('00000000-0000-0000-0000-000000000606', now(), now(), '00000000-0000-0000-0000-000000000502', '00000000-0000-0000-0000-000000000402', 1),
('00000000-0000-0000-0000-000000000607', now(), now(), '00000000-0000-0000-0000-000000000502', '00000000-0000-0000-0000-000000000404', 1),
('00000000-0000-0000-0000-000000000608', now(), now(), '00000000-0000-0000-0000-000000000502', '00000000-0000-0000-0000-000000000403', 20),
('00000000-0000-0000-0000-000000000609', now(), now(), '00000000-0000-0000-0000-000000000502', '00000000-0000-0000-0000-000000000409', 15),
('00000000-0000-0000-0000-000000000610', now(), now(), '00000000-0000-0000-0000-000000000503', '00000000-0000-0000-0000-000000000405', 0.25),
('00000000-0000-0000-0000-000000000611', now(), now(), '00000000-0000-0000-0000-000000000503', '00000000-0000-0000-0000-000000000406', 0.05),
('00000000-0000-0000-0000-000000000612', now(), now(), '00000000-0000-0000-0000-000000000504', '00000000-0000-0000-0000-000000000407', 1),
('00000000-0000-0000-0000-000000000613', now(), now(), '00000000-0000-0000-0000-000000000504', '00000000-0000-0000-0000-000000000406', 0.03),
('00000000-0000-0000-0000-000000000614', now(), now(), '00000000-0000-0000-0000-000000000505', '00000000-0000-0000-0000-000000000408', 1),
('00000000-0000-0000-0000-000000000615', now(), now(), '00000000-0000-0000-0000-000000000505', '00000000-0000-0000-0000-000000000407', 1),
('00000000-0000-0000-0000-000000000616', now(), now(), '00000000-0000-0000-0000-000000000505', '00000000-0000-0000-0000-000000000403', 25),
('00000000-0000-0000-0000-000000000617', now(), now(), '00000000-0000-0000-0000-000000000505', '00000000-0000-0000-0000-000000000409', 20),
('00000000-0000-0000-0000-000000000618', now(), now(), '00000000-0000-0000-0000-000000000506', '00000000-0000-0000-0000-000000000408', 1),
('00000000-0000-0000-0000-000000000619', now(), now(), '00000000-0000-0000-0000-000000000506', '00000000-0000-0000-0000-000000000402', 1),
('00000000-0000-0000-0000-000000000620', now(), now(), '00000000-0000-0000-0000-000000000506', '00000000-0000-0000-0000-000000000403', 25),
('00000000-0000-0000-0000-000000000621', now(), now(), '00000000-0000-0000-0000-000000000506', '00000000-0000-0000-0000-000000000409', 20),
('00000000-0000-0000-0000-000000000622', now(), now(), '00000000-0000-0000-0000-000000000507', '00000000-0000-0000-0000-000000000403', 60),
('00000000-0000-0000-0000-000000000623', now(), now(), '00000000-0000-0000-0000-000000000507', '00000000-0000-0000-0000-000000000409', 40),
('00000000-0000-0000-0000-000000000624', now(), now(), '00000000-0000-0000-0000-000000000507', '00000000-0000-0000-0000-000000000404', 1),
('00000000-0000-0000-0000-000000000625', now(), now(), '00000000-0000-0000-0000-000000000508', '00000000-0000-0000-0000-000000000401', 1),
('00000000-0000-0000-0000-000000000626', now(), now(), '00000000-0000-0000-0000-000000000508', '00000000-0000-0000-0000-000000000402', 1),
('00000000-0000-0000-0000-000000000627', now(), now(), '00000000-0000-0000-0000-000000000508', '00000000-0000-0000-0000-000000000404', 1),
('00000000-0000-0000-0000-000000000628', now(), now(), '00000000-0000-0000-0000-000000000508', '00000000-0000-0000-0000-000000000405', 0.25),
('00000000-0000-0000-0000-000000000629', now(), now(), '00000000-0000-0000-0000-000000000508', '00000000-0000-0000-0000-000000000406', 0.05),
('00000000-0000-0000-0000-000000000630', now(), now(), '00000000-0000-0000-0000-000000000509', '00000000-0000-0000-0000-000000000410', 0.20),
('00000000-0000-0000-0000-000000000631', now(), now(), '00000000-0000-0000-0000-000000000510', '00000000-0000-0000-0000-000000000401', 1),
('00000000-0000-0000-0000-000000000632', now(), now(), '00000000-0000-0000-0000-000000000510', '00000000-0000-0000-0000-000000000402', 2),
('00000000-0000-0000-0000-000000000633', now(), now(), '00000000-0000-0000-0000-000000000510', '00000000-0000-0000-0000-000000000404', 1),
('00000000-0000-0000-0000-000000000634', now(), now(), '00000000-0000-0000-0000-000000000510', '00000000-0000-0000-0000-000000000403', 20),
('00000000-0000-0000-0000-000000000635', now(), now(), '00000000-0000-0000-0000-000000000510', '00000000-0000-0000-0000-000000000409', 15);

insert into inventario_parametros (
    id, fecha_creacion, fecha_actualizacion, dias_analisis_consumo, dias_cobertura_deseada,
    porcentaje_margen_seguridad, activar_prediccion_automatica, activar_alertas_email, activar_alertas_web_socket,
    hora_ejecucion_prediccion_diaria, stock_minimo_global_opcional, metodo_prediccion
) values
('00000000-0000-0000-0000-000000000701', now(), now(), 30, 7, 15.00, true, false, true, '06:00:00', null, 'PROMEDIO_MOVIL');
